launch_service_provider,mission,name,net,pad,rocket,status
Russian Space Forces,Yantar-4K2 62,Soyuz U | Yantar-4K2 62,01/21/1992 3 p.m.,"43/4 (43R) | Plesetsk Cosmodrome, Russian Federation",Soyuz U,Launch Successful
Russian Space Forces,Yantar-4K2 63,Soyuz-U-PVB | Yantar-4K2 63,04/01/1992 2:18 p.m.,"16/2 | Plesetsk Cosmodrome, Russian Federation",Soyuz-U-PVB,Launch Successful
Russian Space Forces,Resurs-F2 8,Soyuz U | Resurs-F2 8,04/29/1992 7 a.m.,"43/4 (43R) | Plesetsk Cosmodrome, Russian Federation",Soyuz U,Launch Successful
Russian Space Forces,Yantar-4K2 64,Soyuz U | Yantar-4K2 64,05/28/1992 7:09 p.m.,"16/2 | Plesetsk Cosmodrome, Russian Federation",Soyuz U,Launch Successful
Russian Space Forces,Resurs-F 15,Soyuz-U-PVB | Resurs-F 15,06/23/1992 8 a.m.,"43/3 (43L) | Plesetsk Cosmodrome, Russian Federation",Soyuz-U-PVB,Launch Successful
Russian Space Forces,Strela-3 79 to 82,Tsiklon-3 | Strela-3 79 to 82,07/13/1992 5:41 p.m.,"32/1 | Plesetsk Cosmodrome, Russian Federation",Tsiklon-3,Launch Successful
Russian Space Forces,Yantar-4K2 65,Soyuz U | Yantar-4K2 65,07/24/1992 7:40 p.m.,"43/3 (43L) | Plesetsk Cosmodrome, Russian Federation",Soyuz U,Launch Successful
Russian Space Forces,Zenit-8 100,Soyuz-U-PVB | Zenit-8 100,07/30/1992 11 a.m.,"43/4 (43R) | Plesetsk Cosmodrome, Russian Federation",Soyuz-U-PVB,Launch Successful
Russian Space Forces,Resurs-F 16,Soyuz U | Resurs-F 16,08/19/1992 10:20 a.m.,"16/2 | Plesetsk Cosmodrome, Russian Federation",Soyuz U,Launch Successful
Russian Space Forces,Yantar-4K2 66,Soyuz U | Yantar-4K2 66,09/22/1992 4:10 p.m.,"16/2 | Plesetsk Cosmodrome, Russian Federation",Soyuz U,Launch Successful
Russian Space Forces,Foton 8,Soyuz U | Foton 8,10/08/1992 7 p.m.,"43/4 (43R) | Plesetsk Cosmodrome, Russian Federation",Soyuz U,Launch Successful
Russian Space Forces,Strela-3 83 to 88,Tsiklon-3 | Strela-3 83 to 88,10/20/1992 12:58 p.m.,"32/1 | Plesetsk Cosmodrome, Russian Federation",Tsiklon-3,Launch Successful
Russian Space Forces,Resurs-500,Soyuz-U-PVB | Resurs-500,11/15/1992 9:45 p.m.,"16/2 | Plesetsk Cosmodrome, Russian Federation",Soyuz-U-PVB,Launch Successful
Russian Space Forces,Yantar-4K2 67,Soyuz U | Yantar-4K2 67,11/20/1992 3:29 p.m.,"43/4 (43R) | Plesetsk Cosmodrome, Russian Federation",Soyuz U,Launch Successful
Russian Space Forces,Tselina-D 67,Tsiklon-3 | Tselina-D 67,11/24/1992 4:09 a.m.,"32/2 | Plesetsk Cosmodrome, Russian Federation",Tsiklon-3,Launch Successful
Russian Space Forces,Geo-IK 13,Tsiklon-3 | Geo-IK 13,12/22/1992 12:36 p.m.,"32/2 | Plesetsk Cosmodrome, Russian Federation",Tsiklon-3,Launch Successful
Russian Space Forces,Tselina-D 68,Tsiklon-3 | Tselina-D 68,12/25/1992 8:07 p.m.,"32/2 | Plesetsk Cosmodrome, Russian Federation",Tsiklon-3,Launch Successful
Russian Space Forces,Bion 10,Soyuz-U-PVB | Bion 10,12/29/1992 1:30 p.m.,"43/3 (43L) | Plesetsk Cosmodrome, Russian Federation",Soyuz-U-PVB,Launch Successful
Russian Space Forces,Yantar-4K2 68,Soyuz U | Yantar-4K2 68,01/19/1993 2:49 p.m.,"43/3 (43L) | Plesetsk Cosmodrome, Russian Federation",Soyuz U,Launch Successful
Russian Space Forces,EKA-1,Start-1 | EKA-1,03/25/1993 1:15 p.m.,"158 | Plesetsk Cosmodrome, Russian Federation",Start-1,Launch Successful
Russian Space Forces,Yantar-4K2 69,Soyuz U | Yantar-4K2 69,04/02/1993 2:30 p.m.,"16/2 | Plesetsk Cosmodrome, Russian Federation",Soyuz U,Launch Successful
Russian Space Forces,Tselina-R 4,Tsiklon-3 | Tselina-R 4,04/16/1993 7:49 a.m.,"32/1 | Plesetsk Cosmodrome, Russian Federation",Tsiklon-3,Launch Successful
Russian Space Forces,Strela-3 89 to 94,Tsiklon-3 | Strela-3 89 to 94,05/11/1993 2:56 p.m.,"32/1 | Plesetsk Cosmodrome, Russian Federation",Tsiklon-3,Launch Successful
Russian Space Forces,Resurs-F2 9,Soyuz U | Resurs-F2 9,05/21/1993 9:15 a.m.,"16/2 | Plesetsk Cosmodrome, Russian Federation",Soyuz U,Launch Successful
Russian Space Forces,Strela-3 95 to 100,Tsiklon-3 | Strela-3 95 to 100,06/24/1993 4:12 a.m.,"32/1 | Plesetsk Cosmodrome, Russian Federation",Tsiklon-3,Launch Successful
Russian Space Forces,Resurs-F 18,Soyuz-U-PVB | Resurs-F 18,06/25/1993 8:20 a.m.,"16/2 | Plesetsk Cosmodrome, Russian Federation",Soyuz-U-PVB,Launch Successful
Russian Space Forces,Yantar-4K2 70,Soyuz-U-PVB | Yantar-4K2 70,07/14/1993 2:40 p.m.,"43/3 (43L) | Plesetsk Cosmodrome, Russian Federation",Soyuz-U-PVB,Launch Successful
Russian Space Forces,Zenit-8 101,Soyuz-U-PVB | Zenit-8 101,07/22/1993 8:45 a.m.,"43/3 (43L) | Plesetsk Cosmodrome, Russian Federation",Soyuz-U-PVB,Launch Successful
Russian Space Forces,Resurs-F 19,Soyuz-U-PVB | Resurs-F 19,08/24/1993 10:45 a.m.,"16/2 | Plesetsk Cosmodrome, Russian Federation",Soyuz-U-PVB,Launch Successful
Russian Space Forces,Meteor-2 21,Tsiklon-3 | Meteor-2 21,08/31/1993 4:40 a.m.,"32/1 | Plesetsk Cosmodrome, Russian Federation",Tsiklon-3,Launch Successful
Russian Space Forces,Meteor-3 6,Tsiklon-3 | Meteor-3 6,01/25/1994 12:25 a.m.,"32/1 | Plesetsk Cosmodrome, Russian Federation",Tsiklon-3,Launch Successful
Russian Space Forces,Strela-3 101 to 106,Tsiklon-3 | Strela-3 101 to 106,02/12/1994 8:54 a.m.,"32/1 | Plesetsk Cosmodrome, Russian Federation",Tsiklon-3,Launch Successful
Russian Space Forces,Koronas-I,Tsiklon-3 | Koronas-I,03/02/1994 3:25 a.m.,"32/1 | Plesetsk Cosmodrome, Russian Federation",Tsiklon-3,Launch Successful
Russian Space Forces,Yantar-4K2 71,Soyuz-U-PVB | Yantar-4K2 71,03/17/1994 4:30 p.m.,"43/3 (43L) | Plesetsk Cosmodrome, Russian Federation",Soyuz-U-PVB,Launch Successful
Russian Space Forces,Tselina-D 69,Tsiklon-3 | Tselina-D 69,05/25/1994 10:15 a.m.,"32/2 | Plesetsk Cosmodrome, Russian Federation",Tsiklon-3,Launch Failure
Russian Space Forces,Zenit-8 102,Soyuz-U-PVB | Zenit-8 102,06/07/1994 7:20 a.m.,"16/2 | Plesetsk Cosmodrome, Russian Federation",Soyuz-U-PVB,Launch Successful
Russian Space Forces,Foton 9,Soyuz-U-PVB | Foton 9,06/14/1994 4:05 p.m.,"43/3 (43L) | Plesetsk Cosmodrome, Russian Federation",Soyuz-U-PVB,Launch Successful
Russian Space Forces,Yantar-4K2 72,Soyuz-U-PVB | Yantar-4K2 72,07/20/1994 5:35 p.m.,"43/3 (43L) | Plesetsk Cosmodrome, Russian Federation",Soyuz-U-PVB,Launch Successful
Russian Space Forces,Okean-O1 7,Tsiklon-3 | Okean-O1 7,10/11/1994 2:30 p.m.,"32/2 | Plesetsk Cosmodrome, Russian Federation",Tsiklon-3,Launch Successful
Russian Space Forces,Geo-IK 14,Tsiklon-3 | Geo-IK 14,11/29/1994 2:54 a.m.,"32/2 | Plesetsk Cosmodrome, Russian Federation",Tsiklon-3,Launch Successful
Russian Space Forces,RS-15 Radio-ROSTO,Rokot / Briz-K | RS-15 Radio-ROSTO,12/26/1994 3:01 a.m.,"175/58 | Baikonur Cosmodrome, Republic of Kazakhstan",Rokot/Briz-K,Launch Successful
Russian Space Forces,Strela-3 107 to 112,Tsiklon-3 | Strela-3 107 to 112,12/26/1994 10:26 p.m.,"32/2 | Plesetsk Cosmodrome, Russian Federation",Tsiklon-3,Launch Successful
Russian Space Forces,Foton 10,Soyuz U | Foton 10,02/16/1995 5:39 p.m.,"43/4 (43R) | Plesetsk Cosmodrome, Russian Federation",Soyuz U,Launch Successful
Russian Space Forces,Yantar-4K2 73,Soyuz-U-PVB | Yantar-4K2 73,03/22/1995 4:44 p.m.,"43/3 (43L) | Plesetsk Cosmodrome, Russian Federation",Soyuz-U-PVB,Launch Successful
Russian Space Forces,Gurwin-1,Start | Gurwin-1,03/28/1995 10 a.m.,"158 | Plesetsk Cosmodrome, Russian Federation",Start,Launch Failure
Russian Space Forces,Yantar-4K2 74,Soyuz-U-PVB | Yantar-4K2 74,06/28/1995 6:25 p.m.,"43/3 (43L) | Plesetsk Cosmodrome, Russian Federation",Soyuz-U-PVB,Launch Successful
Russian Space Forces,Okean-O1 8,Tsiklon-3 | Okean-O1 8,08/31/1995 6:49 a.m.,"32/2 | Plesetsk Cosmodrome, Russian Federation",Tsiklon-3,Launch Successful
Russian Space Forces,Resurs-F2 10,Soyuz U | Resurs-F2 10,09/26/1995 11:20 a.m.,"43/4 (43R) | Plesetsk Cosmodrome, Russian Federation",Soyuz U,Launch Successful
Russian Space Forces,Gonets-D 319 to 321 & Strela-3 113 to 115,Tsiklon-3 | Gonets-D 319 to 321 & Strela-3 113 to 115,02/19/1996 12:58 a.m.,"32/1 | Plesetsk Cosmodrome, Russian Federation",Tsiklon-3,Launch Successful
Russian Space Forces,Yantar-4K2 75,Soyuz-U-PVB | Yantar-4K2 75,03/14/1996 5:40 p.m.,"43/4 (43R) | Plesetsk Cosmodrome, Russian Federation",Soyuz-U-PVB,Launch Successful
Russian Space Forces,Yantar-4K2 76,Soyuz-U-PVB | Yantar-4K2 76,06/20/1996 6:44 p.m.,"16/2 | Plesetsk Cosmodrome, Russian Federation",Soyuz-U-PVB,Launch Failure
Russian Space Forces,Bion 11,Soyuz U | Bion 11,12/24/1996 1:50 p.m.,"43/4 (43R) | Plesetsk Cosmodrome, Russian Federation",Soyuz U,Launch Successful
Russian Space Forces,Strela-3 116 to 118 & Gonets 4 to 6,Tsiklon-3 | Strela-3 116 to 118 & Gonets 4 to 6,02/14/1997 3:47 a.m.,"32/1 | Plesetsk Cosmodrome, Russian Federation",Tsiklon-3,Launch Successful
Russian Space Forces,Odin,Start-1 | Odin,02/20/2001 8:48 a.m.,"5 | Svobodny Cosmodrome, Russian Federation",Start-1,Launch Successful
Russian Space Forces,Koronas F,Tsiklon-3 | Koronas F,07/31/2001 8 a.m.,"32/2 | Plesetsk Cosmodrome, Russian Federation",Tsiklon-3,Launch Successful
Russian Space Forces,Strela-3 128 to 130 & Gonets 10 to 12,Tsiklon-3 | Strela-3 128 to 130 & Gonets 10 to 12,12/28/2001 3:24 a.m.,"32/1 | Plesetsk Cosmodrome, Russian Federation",Tsiklon-3,Launch Successful
Russian Space Forces,Yantar-4K2 81,Soyuz-U-PVB | Yantar-4K2 81,02/25/2002 5:26 p.m.,"43/3 (43L) | Plesetsk Cosmodrome, Russian Federation",Soyuz-U-PVB,Launch Successful
Russian Space Forces,Foton-M No. 1,Soyuz-U-PVB | Foton-M No. 1,10/15/2002 6:20 p.m.,"43/3 (43L) | Plesetsk Cosmodrome, Russian Federation",Soyuz-U-PVB,Launch Failure
Russian Space Forces,Yantar-4K2M 1,Soyuz-U-PVB | Yantar-4K2M 1,09/24/2004 4:50 p.m.,"16/2 | Plesetsk Cosmodrome, Russian Federation",Soyuz-U-PVB,Launch Successful
Russian Space Forces,GVM Oblik,Soyuz 2.1a | GVM Oblik,11/08/2004 5:29 p.m.,"43/4 (43R) | Plesetsk Cosmodrome, Russian Federation",Soyuz 2.1a,Launch Successful
Russian Space Forces,Sich-1M,Tsiklon-3 | Sich-1M,12/24/2004 11:20 a.m.,"32/2 | Plesetsk Cosmodrome, Russian Federation",Tsiklon-3,Launch Failure
Russian Space Forces,Monitor-E No. 1,Rokot / Briz-KM | Monitor-E No. 1,08/26/2005 6:34 p.m.,"133/3 (133L) | Plesetsk Cosmodrome, Russian Federation",Rokot/Briz-KM,Launch Successful
Russian Space Forces,EROS B,Start-1 | EROS B,04/25/2006 4:47 p.m.,"5 | Svobodny Cosmodrome, Russian Federation",Start-1,Launch Successful
Russian Space Forces,Yantar-4K2M 2,Soyuz-U-PVB | Yantar-4K2M 2,05/03/2006 3:38 p.m.,"16/2 | Plesetsk Cosmodrome, Russian Federation",Soyuz-U-PVB,Launch Successful
Russian Space Forces,Meridian No. 11L,Soyuz 2.1a/Fregat | Meridian No. 11L,12/24/2006 8:34 a.m.,"43/4 (43R) | Plesetsk Cosmodrome, Russian Federation",Soyuz 2.1a/Fregat,Launch Successful
Russian Space Forces,Yantar-4K2M 3,Soyuz-U-PVB | Yantar-4K2M 3,06/07/2007 4 p.m.,"16/2 | Plesetsk Cosmodrome, Russian Federation",Soyuz-U-PVB,Launch Successful
Russian Space Forces,Strela-3 137 to 139,Rokot / Briz-KM | Strela-3 137 to 139,05/23/2008 3:20 p.m.,"133/3 (133L) | Plesetsk Cosmodrome, Russian Federation",Rokot/Briz-KM,Launch Successful
Russian Space Forces,Persona 1,Soyuz 2.1b | Persona 1,07/26/2008 6:31 p.m.,"43/4 (43R) | Plesetsk Cosmodrome, Russian Federation",Soyuz 2.1b,Launch Successful
Russian Space Forces,Yantar-4K2M 4,Soyuz-U-PVB | Yantar-4K2M 4,11/14/2008 2:50 p.m.,"16/2 | Plesetsk Cosmodrome, Russian Federation",Soyuz-U-PVB,Launch Successful
Russian Space Forces,Koronas-Foton,Tsiklon-3 | Koronas-Foton,01/30/2009 12:30 p.m.,"32/2 | Plesetsk Cosmodrome, Russian Federation",Tsiklon-3,Launch Successful
Russian Space Forces,Yantar-4K2M 5,Soyuz-U-PVB | Yantar-4K2M 5,04/29/2009 4:58 p.m.,"16/2 | Plesetsk Cosmodrome, Russian Federation",Soyuz-U-PVB,Launch Successful
Russian Space Forces,Meridian No. 12L,Soyuz 2.1a/Fregat | Meridian No. 12L,05/21/2009 9:53 p.m.,"43/4 (43R) | Plesetsk Cosmodrome, Russian Federation",Soyuz 2.1a/Fregat,Launch Failure
Russian Space Forces,Strela-3 140 & 141,Rokot / Briz-KM | Strela-3 140 & 141,07/06/2009 1:26 a.m.,"133/3 (133L) | Plesetsk Cosmodrome, Russian Federation",Rokot/Briz-KM,Launch Successful
Russian Space Forces,Lotos-S 1,Soyuz-U-PVB | Lotos-S 1,11/20/2009 9:44 a.m.,"16/2 | Plesetsk Cosmodrome, Russian Federation",Soyuz-U-PVB,Launch Successful
Russian Space Forces,—,Soyuz-U | Kobalt-M (Kosmos 2462),04/16/2010 3 p.m.,"16/2 | Plesetsk Cosmodrome, Russian Federation",Soyuz U,Launch Successful
Russian Space Forces,Parus 99,Kosmos-3M | Parus 99,04/27/2010 1:05 a.m.,"132/1 (132L) | Plesetsk Cosmodrome, Russian Federation",Kosmos-3M,Launch Successful
Russian Space Forces,"Gonets-M12 & 2 x Strela-3 (Kosmos 2467, Kosmos 2468)","Rokot / Briz-KM | Gonets-M12 & 2 x Strela-3 (Kosmos 2467, Kosmos 2468)",09/08/2010 3:30 a.m.,"133/3 (133L) | Plesetsk Cosmodrome, Russian Federation",Rokot/Briz-KM,Launch Successful
Russian Space Forces,US-K 86,Molniya-M/2BL | US-K 86,09/30/2010 5:01 p.m.,"16/2 | Plesetsk Cosmodrome, Russian Federation",Molniya-M,Launch Successful
Russian Space Forces,—,Soyuz-2.1a/Fregat | Meridian 3,11/02/2010 12:59 a.m.,"43/4 (43R) | Plesetsk Cosmodrome, Russian Federation",Soyuz 2.1a/Fregat-M,Launch Successful
Russian Space Forces,Geo-IK-2 No.11L (Kosmos 2470),Rokot/Briz-KM | Geo-IK-2 No.11L (Kosmos 2470),02/01/2011 2 p.m.,"133/3 (133L) | Plesetsk Cosmodrome, Russian Federation",Rokot/Briz-KM,Launch Failure
Russian Space Forces,Glonass-K1 (Kosmos 2471),Soyuz-2.1b/Fregat | Glonass-K1 (Kosmos 2471),02/26/2011 3:07 a.m.,"43/4 (43R) | Plesetsk Cosmodrome, Russian Federation",Soyuz 2.1b/Fregat,Launch Successful
Russian Space Forces,—,Soyuz-2.1a/Fregat | Meridian 4,05/04/2011 5:41 p.m.,"43/4 (43R) | Plesetsk Cosmodrome, Russian Federation",Soyuz 2.1a/Fregat-M,Launch Successful
Russian Space Forces,—,Soyuz-U | Kobalt-M No.7 (Kosmos 2472),06/27/2011 4 p.m.,"16/2 | Plesetsk Cosmodrome, Russian Federation",Soyuz U,Launch Successful
Russian Space Forces,Glonass-M (Kosmos 2474),Soyuz-2.1b/Fregat | Glonass-M (Kosmos 2474),10/02/2011 8:15 p.m.,"43/4 (43R) | Plesetsk Cosmodrome, Russian Federation",Soyuz 2.1b/Fregat,Launch Successful
Russian Space Forces,Glonass-M (Kosmos 2478),Soyuz 2.1b/Fregat | Glonass-M (Kosmos 2478),11/28/2011 8:25 a.m.,"43/4 (43R) | Plesetsk Cosmodrome, Russian Federation",Soyuz 2.1b/Fregat,Launch Successful
Russian Space Forces,—,"Rokot / Briz-KM | 3 x Strela-3M (Kosmos 2507, Kosmos 2508, Kosmos 2509)",09/23/2015 9:59 p.m.,"133/3 (133L) | Plesetsk Cosmodrome, Russian Federation",Rokot/Briz-KM,Launch Successful
Russian Space Forces,EKS (Tundra) (Kosmos 2510),Soyuz-2.1b/Fregat | EKS (Tundra) (Kosmos 2510),11/17/2015 6:33 a.m.,"43/4 (43R) | Plesetsk Cosmodrome, Russian Federation",Soyuz 2.1b/Fregat,Launch Successful
Russian Space Forces,—,Soyuz 2.1v/Volga | Kanopus-ST (Kosmos 2511) & KYuA-1 (Kosmos 2512),12/05/2015 2:09 p.m.,"43/4 (43R) | Plesetsk Cosmodrome, Russian Federation",Soyuz 2-1v,Launch Failure
Russian Space Forces,Glonass-M (Kosmos 2514),Soyuz-2.1b/Fregat | Glonass-M (Kosmos 2514),02/07/2016 12:21 a.m.,"43/4 (43R) | Plesetsk Cosmodrome, Russian Federation",Soyuz 2.1b/Fregat,Launch Successful
Russian Space Forces,—,Soyuz 2.1a | Bars-M No. 2 (Kosmos 2515),03/24/2016 9:42 a.m.,"43/4 (43R) | Plesetsk Cosmodrome, Russian Federation",Soyuz 2.1a,Launch Successful
Russian Space Forces,Glonass-M No. 53 (Kosmos 2516),Soyuz-2.1b/Fregat | Glonass-M No. 53 (Kosmos 2516),05/29/2016 8:44 a.m.,"43/4 (43R) | Plesetsk Cosmodrome, Russian Federation",Soyuz 2.1b/Fregat,Launch Successful
Russian Space Forces,Geo-IK-2 No.12L (Kosmos 2517),Rokot/Briz-KM | Geo-IK-2 No.12L (Kosmos 2517),06/04/2016 2 p.m.,"133/3 (133L) | Plesetsk Cosmodrome, Russian Federation",Rokot/Briz-KM,Launch Successful
Russian Space Forces,EKS-2 (Tundra 2) (Kosmos 2518),Soyuz-2.1b/Fregat | EKS-2 (Tundra 2) (Kosmos 2518),05/25/2017 6:34 a.m.,"43/4 (43R) | Plesetsk Cosmodrome, Russian Federation",Soyuz 2.1b/Fregat,Launch Successful
Russian Space Forces,Kosmos-2519,Soyuz 2.1v/Volga | Kosmos-2519,06/23/2017 6:04 p.m.,"43/4 (43R) | Plesetsk Cosmodrome, Russian Federation",Soyuz 2-1v,Launch Successful
Russian Space Forces,Glonass-M (Kosmos 2522),Soyuz-2.1b/Fregat-M | Glonass-M (Kosmos 2522),09/22/2017 12:02 a.m.,"43/3 (43L) | Plesetsk Cosmodrome, Russian Federation",Soyuz 2.1b/Fregat-M,Launch Successful
Russian Space Forces,Lotos-S1,Soyuz-2.1b | Lotos-S1 (Kosmos-2524),12/02/2017 10:43 a.m.,"43/4 (43R) | Plesetsk Cosmodrome, Russian Federation",Soyuz 2.1b,Launch Successful
Russian Space Forces,VNIIEM EMKA (Kosmos-2525),Soyuz 2.1v | VNIIEM EMKA (Kosmos 2525),03/29/2018 5:38 p.m.,"43/4 (43R) | Plesetsk Cosmodrome, Russian Federation",Soyuz,Launch Successful
Russian Space Forces,Glonass-M No. 56 (Kosmos 2527),Soyuz 2.1b/Fregat-M | Glonass-M No. 56 (Kosmos 2527),06/16/2018 9:46 p.m.,"43/4 (43R) | Plesetsk Cosmodrome, Russian Federation",Soyuz 2.1b/Fregat-M,Launch Successful
Russian Space Forces,Lotos-S1 (Kosmos 2528),Soyuz 2.1B | Lotos-S1 (Kosmos 2528),10/25/2018 12:15 a.m.,"43/4 (43R) | Plesetsk Cosmodrome, Russian Federation",Soyuz 2.1b,Launch Successful
Russian Space Forces,Glonass-M No. 57 (Kosmos 2529),Soyuz 2.1b/Fregat-M | Glonass-M No. 57 (Kosmos 2529),11/03/2018 8:17 p.m.,"43/4 (43R) | Plesetsk Cosmodrome, Russian Federation",Soyuz 2.1b/Fregat-M,Launch Successful
Russian Space Forces,"3 x Rodnik (Kosmos 2530, 2531, 2532)","Rokot / Briz-KM | 3 x Rodnik (Kosmos 2530, 2531, 2532)",11/30/2018 2:27 a.m.,"133/3 (133L) | Plesetsk Cosmodrome, Russian Federation",Rokot/Briz-KM,Launch Successful
Russian Space Forces,Glonass-M No. 58 (Kosmos 2534),Soyuz 2.1b/Fregat-M | Glonass-M No. 58 (Kosmos 2534),05/27/2019 6:23 a.m.,"43/4 (43R) | Plesetsk Cosmodrome, Russian Federation",Soyuz 2.1b/Fregat-M,Launch Successful
Russian Space Forces,"Kosmos 2535, Kosmos 2536, Kosmos 2537, Kosmos 2538","Soyuz 2.1v/Volga | Kosmos 2535, Kosmos 2536, Kosmos 2537, Kosmos 2538",07/10/2019 5:14 p.m.,"43/4 (43R) | Plesetsk Cosmodrome, Russian Federation",Soyuz 2-1v,Launch Successful
Russian Space Forces,Meridian-M No.18,Soyuz 2.1a/Fregat-M | Meridian-M No.18,07/30/2019 5:56 a.m.,"43/4 (43R) | Plesetsk Cosmodrome, Russian Federation",Soyuz 2.1a/Fregat-M,Launch Successful
Russian Space Forces,Geo-IK-2 N13L (Kosmos 2540),Rokot / Briz-KM | Geo-IK-2 N13L (Kosmos 2540),08/30/2019 2 p.m.,"133/3 (133L) | Plesetsk Cosmodrome, Russian Federation",Rokot/Briz-KM,Launch Successful
Russian Space Forces,EKS 3 (Tundra 3) (Kosmos 2541),Soyuz 2.1b/Fregat | EKS 3 (Tundra 3) (Kosmos 2541),09/26/2019 7:46 a.m.,"43/4 (43R) | Plesetsk Cosmodrome, Russian Federation",Soyuz 2.1b/Fregat,Launch Successful
Russian Space Forces,Kosmos 2542,Soyuz 2.1v/Volga | Kosmos 2542,11/25/2019 5:52 p.m.,"43/4 (43R) | Plesetsk Cosmodrome, Russian Federation",Soyuz 2-1v,Launch Successful
Russian Space Forces,Glonass-M No. 59 (Kosmos 2544),Soyuz 2.1b/Fregat-M | Glonass-M No. 59 (Kosmos 2544),12/11/2019 8:54 a.m.,"43/3 (43L) | Plesetsk Cosmodrome, Russian Federation",Soyuz 2.1b/Fregat-M,Launch Successful
Russian Space Forces,"Gonets-M24, Gonets-M25, Gonets-M26 & Blits-M","Rokot/Briz-KM | Gonets-M24, Gonets-M25, Gonets-M26 & Blits-M",12/26/2019 11:11 p.m.,"133/3 (133L) | Plesetsk Cosmodrome, Russian Federation",Rokot/Briz-KM,Launch Successful
Russian Space Forces,Meridian-M No.19L,Soyuz 2.1a/Fregat-M | Meridian-M No.19L,02/20/2020 8:24 a.m.,"43/3 (43L) | Plesetsk Cosmodrome, Russian Federation",Soyuz 2.1a/Fregat-M,Launch Successful
Russian Space Forces,Glonass-M No. 60 (Kosmos 2545),Soyuz 2.1b/Fregat-M | Glonass-M No. 60 (Kosmos 2545),03/16/2020 6:28 p.m.,"43/4 (43R) | Plesetsk Cosmodrome, Russian Federation",Soyuz 2.1b/Fregat-M,Launch Successful
Russian Space Forces,EKS 4 (Tundra 4) (Kosmos 2546),Soyuz 2.1b/Fregat | EKS 4 (Tundra 4) (Kosmos 2546),05/22/2020 7:31 a.m.,"43/4 (43R) | Plesetsk Cosmodrome, Russian Federation",Soyuz 2.1b/Fregat,Launch Successful
Russian Space Forces,"Gonets-M27, Gonets-M28, Gonets-M29 & others","Soyuz 2.1b/Fregat-M | Gonets-M27, Gonets-M28, Gonets-M29 & others",09/28/2020 11:20 a.m.,"43/4 (43R) | Plesetsk Cosmodrome, Russian Federation",Soyuz 2.1b/Fregat-M,Launch Successful
Russian Space Forces,Glonass-K1 No. 15 (Kosmos 2547),Soyuz 2.1b/Fregat | Glonass-K1 No. 15 (Kosmos 2547),10/25/2020 7:08 p.m.,"43/4 (43R) | Plesetsk Cosmodrome, Russian Federation",Soyuz 2.1b/Fregat,Launch Successful
Russian Space Forces,"Gonets-M30, Gonets-M31, Gonets-M32","Soyuz 2.1b/Fregat-M | Gonets-M30, Gonets-M31, Gonets-M32",12/03/2020 1:14 a.m.,"43/3 (43L) | Plesetsk Cosmodrome, Russian Federation",Soyuz 2.1b/Fregat-M,Launch Successful
Russian Space Forces,Lotos-S1,Soyuz 2.1b | Lotos-S1,02/02/2021 8:45 p.m.,"43/4 (43R) | Plesetsk Cosmodrome, Russian Federation",Soyuz 2.1b,Launch Successful
Russian Space Forces,Pion-NKS No. 1 (Kosmos 2550),Soyuz 2.1b | Pion-NKS No. 1 (Kosmos 2550),06/25/2021 7:50 p.m.,"43/4 (43R) | Plesetsk Cosmodrome, Russian Federation",Soyuz 2.1b,Launch Successful
Russian Space Forces,Razbeg 1 (Kosmos 2551),Soyuz 2.1v | Razbeg 1 (Kosmos 2551),09/09/2021 7:59 p.m.,"43/4 (43R) | Plesetsk Cosmodrome, Russian Federation",Soyuz,Launch Successful
Russian Space Forces,Kosmos 2552 (EKS 5/Tundra 5),Soyuz 2.1b/Fregat | EKS 5 (Tundra 5) (Kosmos 2552),11/25/2021 1:09 a.m.,"43/4 (43R) | Plesetsk Cosmodrome, Russian Federation",Soyuz 2.1b/Fregat,Launch Successful
Russian Space Forces,Neitron (Kosmos 2553),Soyuz 2.1a/Fregat-M | Neitron (Kosmos 2553),02/05/2022 7 a.m.,"43/4 (43R) | Plesetsk Cosmodrome, Russian Federation",Soyuz 2.1a/Fregat-M,Launch Successful
Russian Space Forces,Meridian-M No.20L,Soyuz 2.1a/Fregat-M | Meridian-M No.20L,03/22/2022 12:48 p.m.,"43/3 (43L) | Plesetsk Cosmodrome, Russian Federation",Soyuz 2.1a/Fregat-M,Launch Successful
Russian Space Forces,Kosmos 2554 (Lotos-S1),Soyuz 2.1b | Kosmos 2554 (Lotos-S1 #6),04/07/2022 11:20 a.m.,"43/3 (43L) | Plesetsk Cosmodrome, Russian Federation",Soyuz 2.1b,Launch Successful
Russian Space Forces,Kosmos 2556 (Bars-M No. 3),Soyuz 2.1a | Kosmos 2556 (Bars-M No. 3),05/19/2022 8:03 a.m.,"43/4 (43R) | Plesetsk Cosmodrome, Russian Federation",Soyuz 2.1a,Launch Successful
Russian Space Forces,Glonass-K1 No. 16 (Kosmos 2557),Soyuz 2.1b/Fregat | Glonass-K1 No. 16 (Kosmos 2557),07/07/2022 9:18 a.m.,"43/4 (43R) | Plesetsk Cosmodrome, Russian Federation",Soyuz 2.1b/Fregat,Launch Successful
Russian Space Forces,Kosmos 2558,Soyuz 2.1v/Volga | Kosmos 2558,08/01/2022 8:25 p.m.,"43/4 (43R) | Plesetsk Cosmodrome, Russian Federation",Soyuz 2-1v,Launch Successful
Russian Space Forces,Glonass-K1 No. 17 (Kosmos 2559),Soyuz 2.1b/Fregat | Glonass-K1 No. 17 (Kosmos 2559),10/10/2022 2:52 a.m.,"43/3 (43L) | Plesetsk Cosmodrome, Russian Federation",Soyuz 2.1b/Fregat,Launch Successful
Russian Space Forces,Kosmos 2561 & Kosmos 2562,Soyuz 2.1v/Volga | Kosmos 2561 & Kosmos 2562,10/21/2022 7:20 p.m.,"43/4 (43R) | Plesetsk Cosmodrome, Russian Federation",Soyuz 2-1v,Launch Successful
Russian Space Forces,Kosmos 2563 (EKS 6/Tundra 6),Soyuz 2.1b/Fregat | EKS 6 (Tundra 6) (Kosmos 2563),11/02/2022 6:48 a.m.,"43/4 (43R) | Plesetsk Cosmodrome, Russian Federation",Soyuz 2.1b/Fregat,Launch Successful
Russian Space Forces,Glonass-M No. 61 (Kosmos 2564),Soyuz 2.1b/Fregat-M | Glonass-M No. 61 (Kosmos 2564),11/28/2022 3:17 p.m.,"43/3 (43L) | Plesetsk Cosmodrome, Russian Federation",Soyuz 2.1b/Fregat-M,Launch Successful
Russian Space Forces,Kosmos 2565 (Lotos-S1 #7),Soyuz 2.1b | Kosmos 2565 (Lotos-S1 #7),11/30/2022 9:10 p.m.,"43/4 (43R) | Plesetsk Cosmodrome, Russian Federation",Soyuz 2.1b,Launch Successful
Russian Space Forces,Kosmos 2567 (Bars-M No. 4),Soyuz 2.1a | Kosmos 2567 (Bars-M No. 4),03/23/2023 6:40 a.m.,"43/3 (43L) | Plesetsk Cosmodrome, Russian Federation",Soyuz 2.1a,Launch Successful
Russian Space Forces,Kosmos 2568 (EO MKA-4),Soyuz 2.1v | Kosmos 2568 (EO MKA-4),03/29/2023 7:57 p.m.,"43/4 (43R) | Plesetsk Cosmodrome, Russian Federation",Soyuz 2-1v,Launch Successful
Russian Space Forces,Glonass-K2 No. 13 (Kosmos 2569),Soyuz 2.1b/Fregat-M | Glonass-K2 No. 13 (Kosmos 2569),08/07/2023 1:20 p.m.,"43/3 (43L) | Plesetsk Cosmodrome, Russian Federation",Soyuz 2.1b/Fregat-M,Launch Successful
Russian Space Forces,Kosmos 2570 (Lotos-S1 #8),Soyuz 2.1b | Kosmos 2570 (Lotos-S1 #8),10/27/2023 6:04 a.m.,"43/3 (43L) | Plesetsk Cosmodrome, Russian Federation",Soyuz 2.1b,Launch Successful
Russian Space Forces,Razdan No. 1?,Soyuz 2.1b | Kosmos 2572 (Razdan No. 1?),11/25/2023 8:58 p.m.,"43/4 (43R) | Plesetsk Cosmodrome, Russian Federation",Soyuz 2.1b,Launch Successful
